0,47,228,233,301,349,351,532,538,565,571,572,573,590,604,629,810,935,936,938,941,942,943,945,946,975,1168,1244,1348,1387,1410,1521,1611,1676,1701,1811,1812,1827,1842,1872,1874,1875,1879,1883,1884,1886,1890,1893,1896,1917,1932,1933,1935,1936,1982,2078,2137,2138,2177,2231,2345,2459,2569,2643,2666,2873,2917,2967,3033,3071,3084,3133,3212,3216,3468,3476,3491,3492,3653,3672,3698,3723,3794,3857,3995,4007,4067,4215,4576,4615,4676,4724,4794,4844,4849,4901,5066,5120,5124,5136,5213,5214,5298,5429,5542,5612,5643,5652,5740,5803,5892,6010,6043,6111,6141,6161,6362,6504,6781,6954,6974,7026,7173,7307,7437,7561,7900,7925,7929,7938,8077,8107,8304,8492,8545,8607,8640,8741,9028,9051,9064,9072,9122,9142,9191,9204,9210,9256,9260,9276,9351,9402,9452,9465,9477,9507,9526,9562,9565,9671,9706,9793,9885,9911,9936,10091,10094,10109,10134,10142,10146
218,400,547,591,676,1049,1080,1090,1093,1097,1158,1371,1427,1642,1861,2265,2270,2371,2677,2717,2811,2828,2843,2911,3218,3350,3369,3370,3399,3464,3487,3488,3522,3604,3850,4029,4103,4106,4163,4235,4414,4448,4482,4591,4614,4899,4942,5063,5153,5168,5234,5243,5485,5538,5600,5603,5618,5712,5725,5738,5863,5867,5975,6004,6171,6196,6255,6291,6293,6319,6418,6621,6647,6809,6812,6909,6928,6988,7095,7129,7191,7229,7395,7418,7481,7508,7661,7685,7773,7871,7915,7937,8073,8173,8214,8229,8319,8324,8366,8382,8399,8423,8481,8540,8651,8669,8671,8713,8767,8995,9011,9050,9098,9207,9274,9473,9710,9741,9882,9890,9969,10014,10021,10106,10159
33,115,172,311,329,332,485,503,648,786,795,803,1078,1191,1236,1263,1264,1291,1300,1320,1345,1350,1361,1369,1425,1568,1601,1610,1622,1631,1654,1707,1881,1931,2167,2210,2350,2378,2394,2570,2685,2885,2958,2966,3041,3068,3143,3420,3421,3422,3526,3652,3689,3720,3776,3805,3928,3954,3957,3982,4009,4231,4236,4259,4365,4568,4613,4619,4621,4664,4813,5012,5079,5096,5122,5138,5413,5448,5666,5691,5780,5836,5999,6031,6112,6142,6145,6154,6179,6208,6251,6355,6364,6546,6771,6774,6972,6998,7166,7711,7785,7958,8260,8271,8550,8693,8714,8726,8742,8808,8824,8846,8914,8936,8956,8996,9084,9114,9126,9159,9174,9287,9344,9410,9454,9521,9612,9772,9803,9826,9827,9934,9996,10074,10115,10133
4,13,58,63,67,68,76,79,87,95,99,128,140,151,160,165,168,177,188,194,197,198,202,245,268,280,304,310,316,319,325,338,345,353,357,360,374,394,402,415,454,455,470,484,486,493,516,523,529,536,555,579,581,588,599,600,601,618,625,649,655,666,667,684,697,715,716,724,728,729,738,744,754,756,773,799,805,806,807,823,829,847,863,899,906,909,919,921,922,925,947,984,996,1012,1018,1022,1023,1025,1084,1098,1116,1143,1174,1176,1182,1195,1197,1212,1231,1248,1249,1251,1258,1262,1269,1276,1303,1308,1318,1349,1352,1355,1382,1411,1431,1440,1449,1452,1461,1462,1464,1491,1495,1498,1505,1511,1525,1540,1547,1566,1570,1575,1580,1590,1626,1636,1641,1670,1678,1682,1697,1718,1755,1765,1767,1774,1777,1778,1781,1803,1823,1837,1838,1846,1854,1858,1878,1888,1899,1903,1905,1909,1915,1943,1948,1956,1957,1958,1960,1962,2016,2057,2079,2108,2112,2116,2133,2136,2145,2162,2169,2176,2199,2218,2222,2225,2232,2245,2258,2266,2298,2302,2306,2316,2333,2336,2341,2347,2360,2365,2390,2415,2439,2440,2444,2460,2461,2465,2470,2474,2496,2497,2506,2519,2527,2551,2560,2575,2590,2594,2597,2607,2609,2611,2626,2627,2634,2652,2657,2678,2679,2680,2720,2726,2730,2744,2751,2758,2761,2765,2775,2810,2824,2825,2826,2834,2845,2858,2879,2899,2904,2920,2950,2983,2991,2995,3002,3011,3016,3017,3019,3037,3048,3063,3064,3090,3095,3111,3127,3129,3137,3178,3194,3201,3208,3217,3220,3221,3238,3251,3287,3291,3294,3298,3308,3335,3354,3361,3366,3381,3382,3394,3397,3434,3440,3446,3477,3486,3494,3495,3509,3513,3519,3537,3540,3552,3553,3554,3559,3574,3578,3582,3584,3603,3609,3610,3614,3623,3646,3695,3740,3747,3760,3765,3770,3771,3785,3786,3787,3830,3831,3837,3849,3861,3881,3896,3950,4001,4016,4045,4046,4072,4073,4087,4089,4094,4125,4129,4159,4184,4193,4208,4225,4228,4229,4304,4309,4322,4331,4351,4368,4371,4403,4416,4425,4427,4435,4461,4464,4472,4492,4509,4520,4522,4525,4532,4534,4536,4561,4562,4572,4582,4586,4637,4666,4695,4713,4721,4722,4732,4733,4735,4765,4769,4770,4782,4801,4802,4807,4837,4856,4860,4874,4875,4876,4882,4938,4945,4955,4962,4966,4973,5003,5004,5024,5043,5056,5061,5062,5087,5093,5097,5108,5114,5115,5126,5129,5134,5158,5159,5181,5182,5183,5200,5208,5216,5220,5223,5237,5245,5256,5261,5267,5270,5286,5304,5311,5335,5337,5338,5344,5348,5360,5372,5376,5397,5412,5430,5437,5457,5465,5500,5523,5526,5531,5535,5544,5547,5557,5561,5590,5598,5602,5609,5614,5620,5629,5632,5639,5656,5667,5687,5695,5707,5713,5714,5726,5732,5739,5750,5761,5773,5798,5799,5807,5812,5813,5824,5838,5850,5854,5857,5862,5870,5878,5899,5913,5936,5938,5958,5962,5963,5997,6018,6039,6081,6160,6184,6222,6239,6257,6262,6266,6310,6321,6323,6343,6344,6353,6361,6374,6384,6388,6413,6420,6421,6438,6476,6477,6481,6484,6489,6490,6493,6513,6518,6541,6542,6550,6559,6567,6576,6586,6588,6598,6623,6624,6636,6640,6646,6648,6654,6658,6681,6689,6694,6702,6704,6712,6713,6729,6742,6755,6768,6786,6789,6806,6820,6832,6850,6860,6864,6865,6867,6871,6887,6907,6934,6943,6960,6968,6984,6994,6997,7004,7005,7019,7028,7037,7061,7077,7102,7146,7231,7253,7274,7279,7291,7294,7295,7325,7337,7340,7344,7375,7393,7396,7414,7420,7433,7479,7483,7488,7499,7501,7511,7536,7568,7600,7626,7649,7659,7724,7727,7730,7748,7793,7795,7810,7812,7827,7832,7834,7838,7866,7877,7911,7921,7931,7954,7984,7985,7989,7995,8014,8020,8021,8055,8104,8132,8133,8186,8211,8234,8238,8243,8244,8248,8255,8276,8301,8329,8333,8338,8352,8354,8357,8419,8425,8426,8443,8447,8468,8480,8506,8554,8582,8585,8594,8612,8627,8636,8648,8700,8712,8722,8733,8750,8772,8774,8792,8802,8809,8818,8826,8831,8858,8892,8909,8911,8922,8937,8939,8961,8962,8964,8971,9010,9024,9054,9067,9076,9077,9080,9105,9109,9127,9130,9133,9136,9177,9178,9221,9222,9235,9239,9241,9261,9263,9302,9315,9320,9327,9329,9332,9335,9364,9383,9392,9396,9422,9458,9460,9482,9484,9494,9505,9536,9569,9574,9580,9588,9599,9640,9644,9649,9657,9668,9691,9716,9717,9721,9727,9728,9730,9747,9749,9752,9754,9760,9761,9785,9813,9829,9831,9852,9856,9864,9905,9915,9961,9968,9975,9977,9982,9988,10004,10017,10032,10058,10076,10102,10118,10131,10168,10188
6,12,19,36,41,49,72,77,82,86,90,97,113,120,122,126,138,153,162,167,178,193,207,208,212,236,241,259,272,273,279,287,289,339,356,369,393,437,490,506,510,511,521,535,546,578,586,593,612,632,668,739,740,741,745,752,763,784,801,834,850,889,907,908,910,916,958,963,972,985,1005,1015,1017,1030,1109,1115,1127,1141,1165,1184,1198,1240,1277,1298,1331,1338,1343,1364,1372,1389,1404,1423,1448,1453,1460,1471,1473,1493,1500,1501,1552,1562,1572,1573,1617,1619,1621,1635,1638,1640,1653,1660,1686,1687,1692,1699,1710,1711,1739,1741,1758,1760,1768,1775,1791,1792,1859,1894,1910,1922,1924,1959,1966,1991,1996,2009,2018,2034,2051,2053,2058,2074,2091,2114,2115,2129,2130,2132,2139,2149,2150,2158,2193,2253,2261,2267,2272,2285,2291,2321,2324,2376,2380,2407,2416,2452,2486,2488,2520,2535,2536,2556,2574,2593,2620,2673,2719,2722,2763,2800,2857,2868,2887,2888,2889,2894,2900,2903,2948,2949,3022,3024,3029,3030,3049,3059,3067,3106,3117,3125,3131,3155,3170,3198,3226,3237,3257,3267,3285,3289,3311,3318,3371,3392,3403,3411,3412,3413,3418,3425,3436,3452,3465,3475,3496,3497,3539,3546,3555,3558,3565,3585,3613,3616,3624,3634,3651,3664,3687,3691,3707,3730,3784,3806,3826,3827,3841,3859,3860,3870,3873,3886,3900,3914,3919,3925,3934,3960,3969,4005,4033,4058,4062,4074,4108,4109,4120,4150,4151,4177,4213,4218,4233,4238,4251,4281,4285,4286,4289,4306,4316,4318,4320,4330,4356,4374,4380,4405,4410,4426,4431,4452,4456,4463,4473,4507,4518,4574,4578,4617,4626,4651,4657,4674,4678,4679,4685,4753,4759,4795,4821,4823,4833,4845,4863,4884,4889,4904,4912,4946,4949,4971,4972,4987,4994,4997,5011,5014,5025,5075,5080,5113,5125,5161,5185,5230,5238,5239,5251,5263,5306,5313,5327,5330,5339,5352,5366,5383,5387,5395,5409,5417,5434,5436,5438,5440,5450,5456,5464,5470,5473,5475,5510,5513,5519,5528,5532,5534,5553,5559,5560,5578,5604,5606,5610,5630,5663,5694,5705,5741,5746,5795,5842,5893,5908,5917,5921,5933,5948,5949,5964,5971,5983,5985,5987,5991,5993,6002,6013,6017,6125,6207,6231,6292,6304,6317,6329,6360,6378,6381,6432,6449,6452,6454,6483,6500,6585,6587,6600,6604,6605,6628,6687,6692,6734,6756,6760,6761,6780,6805,6854,6872,6873,6881,6966,7002,7011,7012,7014,7024,7032,7033,7043,7049,7093,7097,7139,7154,7187,7247,7254,7257,7301,7303,7305,7400,7404,7423,7450,7495,7497,7514,7522,7567,7583,7613,7629,7706,7734,7761,7774,7776,7778,7790,7808,7811,7855,7858,7872,7904,7959,7993,8140,8177,8183,8215,8218,8220,8259,8291,8300,8323,8402,8407,8422,8438,8454,8459,8482,8516,8524,8543,8556,8613,8623,8630,8633,8646,8667,8705,8706,8717,8723,8765,8777,8785,8790,8834,8843,8852,8857,8905,8950,8960,8986,8987,8989,9002,9056,9058,9059,9066,9081,9113,9145,9153,9186,9196,9209,9251,9271,9277,9293,9303,9387,9417,9418,9419,9445,9474,9478,9513,9514,9516,9537,9546,9549,9551,9555,9556,9564,9576,9595,9609,9619,9632,9639,9658,9665,9672,9675,9709,9713,9733,9736,9737,9764,9776,9790,9794,9812,9823,9839,9848,9858,9865,9866,9868,9876,9889,9918,9939,9966,9992,10016,10020,10034,10079,10170,10195
145,225,296,297,334,539,643,646,749,820,830,856,857,1081,1150,1713,1835,2062,2468,2475,2502,2503,3305,3365,3988,3999,4014,4082,4088,4202,4244,4519,4600,4659,4775,4776,4885,5095,5340,5349,5451,5676,5856,5898,6123,6155,6220,6280,6534,6618,7086,7587,7623,7718,7996,7998,8007,8136,8232,8533,8534,8615,9187,9233,9257,9455,9487,9534,9540,9570,9572,9594,9695,9869
1656,2451,2562,2977,3778,4242,4388,4597,4928,4932,5165,5494,5546,5646,6758,7065,7085,7281,7365,7446,7654,8299,8739,8821,9456,9621,9833
54,57,74,116,169,389,814,1385,1468,1529,1558,1627,1672,1920,1978,2221,2349,2804,2908,2986,2987,3042,3188,3314,3590,3683,3684,4098,4147,4154,4308,4332,4362,4386,4530,4579,4706,4756,5077,5345,5365,5421,5515,5880,5925,5944,6102,6386,6501,6540,6545,6562,6564,6569,6639,6815,6833,6944,6949,6963,7020,7163,7211,7292,7336,7537,7651,7688,7825,7899,7981,8149,8187,8501,8708,8879,8928,9091,9097,9216,9249,9255,9435,9708,9781,9938,9987,10144,10169
37,48,130,148,163,206,222,299,312,320,391,397,444,495,631,690,701,791,808,900,904,960,1013,1041,1044,1135,1294,1362,1381,1443,1545,1585,1612,1662,1783,1784,1785,1880,1927,1965,1981,1988,2019,2023,2048,2063,2098,2161,2164,2236,2237,2331,2375,2377,2529,2541,2559,2573,2581,2651,2669,2674,2692,2772,2793,2802,2886,2939,3018,3213,3260,3281,3336,3444,3451,3508,3510,3568,3597,3608,3617,3737,3802,3811,3856,3867,3871,3912,3927,3956,3966,4006,4338,4466,4793,4960,5078,5101,5162,5300,5319,5331,5334,5492,5589,5613,5644,5709,5859,5934,5977,6007,6012,6159,6174,6367,6370,6391,6428,6437,6517,6565,6651,6803,6808,6897,6917,6918,6961,6975,6986,7001,7009,7029,7031,7193,7353,7650,7754,7783,7798,7799,7817,7831,7853,7868,7891,8094,8191,8268,8511,8617,8748,8768,8771,8797,8823,8877,8886,8920,8924,9004,9069,9093,9121,9123,9246,9286,9331,9372,9408,9411,9447,9500,9502,9561,9577,9603,9638,9687,9700,9757,9774,9798,9899,9916,9990,10000,10059,10066,10095
43,469,1289,1301,2547,2740,5453,5467,6373,6551,7908,8098,8573,8618,9000,9243,9264,9345,9469,9763,10140
636,637,707,1179,1336,1418,1667,1873,2068,2537,2947,2989,4820,5638,5885,6294,6393,6532,6697,6839,7454,7516,7615,7935,8413,8537,8757,9031,9385,9443,9541,9633,9701,9861,10046,10098
45,70,141,149,171,191,262,461,782,844,929,1095,1107,1121,1134,1213,1218,1219,1307,1341,1377,1392,1442,1515,1614,1632,1671,1677,1706,1714,1721,1805,1806,1821,1866,1968,1972,1973,2039,2072,2085,2147,2172,2260,2278,2363,2412,2420,2421,2422,2423,2425,2426,2429,2431,2435,2441,2456,2494,2499,2583,2670,2739,2871,2930,3006,3145,3199,3380,3479,3480,3535,3637,3639,3641,3696,3729,3734,3767,3828,3904,3978,4112,4118,4132,4175,4205,4334,4336,4377,4485,4486,4493,4565,4577,4596,4602,4777,4811,4812,4894,4992,5111,5121,5271,5432,5582,5762,5825,5886,5930,6001,6006,6041,6048,6049,6055,6056,6071,6106,6164,6190,6282,6285,6347,6382,6394,6396,6410,6430,6442,6443,6561,6645,6695,6891,6936,6967,7034,7060,7109,7216,7366,7439,7449,7525,7666,7696,7699,7784,7840,7936,7941,8129,8154,8209,8398,8409,8439,8486,8487,8488,8697,8732,8813,8822,8889,8943,9049,9087,9154,9155,9170,9326,9472,9509,9547,9680,9683,9726,9828,9830,9846,9874,9980
18,88,185,239,271,340,343,361,383,457,492,494,499,527,931,956,995,998,1007,1028,1051,1147,1178,1210,1266,1273,1281,1305,1309,1325,1374,1458,1504,1520,1543,1550,1584,1659,1664,1696,1802,1870,2052,2077,2135,2151,2214,2230,2328,2338,2480,2509,2510,2511,2521,2523,2638,2893,2905,3098,3169,3240,3254,3426,3470,3474,3512,3576,3628,3679,3686,3848,3851,3913,4053,4252,4276,4280,4315,4429,4575,4580,4588,4740,4752,4940,4974,5036,5092,5098,5109,5119,5357,5804,6297,6326,6419,6427,6461,6502,6608,6622,6657,6769,6912,7059,7110,7143,7548,7557,7994,8044,8239,8286,8303,8820,8825,8919,9195,9230,9433,9593,9821,9881,10015,10040,10065,10155
10,20,30,176,341,342,403,462,466,681,733,771,839,842,853,926,927,955,1071,1103,1156,1169,1224,1280,1328,1354,1366,1398,1421,1424,1447,1478,1487,1509,1519,1532,1544,1554,1567,1589,1607,1625,1680,1703,1740,1788,1853,1860,1885,1930,2036,2054,2055,2060,2103,2104,2154,2175,2287,2300,2374,2383,2399,2477,2539,2650,2759,2915,2974,3066,3104,3107,3136,3141,3204,3471,3507,3520,3595,3607,3713,3722,3725,3942,4011,4020,4052,4146,4293,4412,4490,4494,4524,4569,4571,4603,4660,4680,4684,4749,4862,4982,5156,5262,5279,5299,5491,5554,5596,5626,5928,5937,6144,6211,6212,6284,6554,6568,6675,6682,6765,6782,6896,6926,6927,6948,7140,7204,7331,7345,7425,7598,7644,7914,7991,8066,8072,8131,8146,8163,8383,8495,8626,8769,8807,8838,8923,8968,8988,9005,9108,9141,9151,9213,9362,9409,9414,9425,9429,9475,9548,9623,9625,9653,9854,9872,9883,9956,9973,10028,10096,10165,10192
39,443,544,622,798,961,1945,2976,3733,4263,4264,4714,5202,5242,5316,5317,5355,5484,5558,5805,5806,5852,6037,6268,7056,7283,7293,7306,7330,7349,7772,7781,8310,8318,8331,8340,8346,8373,8408,8428,8429,8432,8477,8507,8619,8653,8738,8766,8775,8833,8837,8893,9018,9306,9340,9440,9506,9515,9739
51,56,119,210,526,553,557,561,589,664,691,705,726,888,1064,1069,1074,1181,1209,1228,1274,1949,2025,2026,2107,2171,2406,2448,2458,2545,2629,2878,2928,3148,3248,3355,3700,3816,3818,3961,4026,4123,4135,4420,4476,4610,4758,4790,4798,4893,4910,4983,4999,5032,5048,5090,5170,5172,5179,5283,5302,5323,5343,5377,5512,5577,5659,5744,5753,5896,6009,6040,6100,6129,6178,6194,6981,7084,7148,7238,7275,7329,7374,7620,7719,8174,8296,8348,8729,8736,8963,8978,9007,9074,9088,9254,9337,9378,9379,9423,10047,10099
16,27,34,40,42,143,159,261,288,333,344,404,412,496,512,515,537,587,611,659,703,772,885,940,954,959,967,974,986,1001,1056,1086,1091,1094,1110,1177,1183,1201,1229,1287,1290,1334,1339,1390,1475,1488,1490,1513,1516,1548,1574,1583,1693,1743,1911,1971,1976,1984,2004,2011,2014,2069,2096,2119,2120,2179,2220,2224,2269,2323,2334,2348,2356,2445,2462,2483,2557,2602,2630,2693,2710,2712,2713,2747,2796,2817,2836,2840,2841,2842,2847,2853,2883,2884,2921,3008,3028,3039,3072,3076,3259,3343,3377,3466,3473,3503,3544,3548,3626,3675,3693,3699,3701,3708,3718,3814,3872,3905,3930,3943,3949,3971,4049,4068,4079,4086,4115,4258,4353,4358,4366,4381,4433,4475,4477,4489,4502,4544,4570,4585,4670,4697,4708,4797,4804,4808,4864,4881,4907,4963,4964,4988,4995,5044,5054,5057,5058,5081,5100,5142,5146,5272,5280,5329,5363,5479,5488,5497,5533,5634,5647,5716,5724,5794,5839,5843,5860,5888,5906,5945,5952,6091,6126,6127,6133,6175,6300,6377,6424,6553,6574,6577,6593,6615,6736,6762,6797,6940,6946,6947,7063,7069,7071,7078,7092,7094,7099,7134,7152,7309,7372,7383,7442,7445,7533,7550,7575,7723,7759,7804,7835,7837,7843,7881,7895,7920,7933,7934,7944,8018,8143,8164,8207,8247,8250,8311,8313,8339,8390,8393,8517,8527,8548,8555,8571,8572,8602,8687,8696,8737,8758,8762,8764,8782,8806,8812,8847,8876,8887,8906,8955,8959,8973,8980,9008,9040,9043,9048,9070,9078,9102,9125,9138,9147,9171,9181,9194,9212,9225,9281,9299,9313,9330,9338,9357,9358,9370,9376,9420,9424,9426,9427,9437,9503,9525,9543,9559,9568,9605,9614,9635,9656,9703,9738,9784,9786,9791,9801,9808,9841,9855,9877,9893,9906,9942,9957,9962,10037,10050,10057,10073,10086
71,238,550,609,633,634,658,711,720,762,1113,1124,1185,1314,1637,1668,1862,2239,2340,2430,2985,3108,3438,3619,3705,3877,4000,4048,4121,4206,4434,4484,4556,4559,4645,4682,4792,4832,4923,4934,4937,5017,5102,5191,5419,5460,5569,5671,5736,5801,5931,6166,6307,6345,6354,6407,6599,6613,6644,6851,6919,6929,6930,6971,6973,6995,7076,7188,7205,7252,7258,7259,7260,7261,7262,7263,7264,7265,7436,7477,7563,7631,7786,7978,8005,8120,8227,8270,8322,8344,8356,8404,8576,8616,8789,8842,8866,8878,8938,9023,9062,9223,9323,9397,9467,9480,9523,9573,9681,9693,9903,9985,9999,10007,10027
62,109,219,704,750,933,976,981,1152,1422,1454,1602,1674,1782,1895,2418,2508,2656,2698,2798,2799,3032,3159,3344,3427,3599,3742,4144,4278,4385,4702,4760,4767,4768,4780,5155,5394,5471,5480,5555,5575,5664,5734,5932,6087,6240,7529,7882,7906,8179,8334,8369,8375,8379,8384,8631,8829,8880,8908,8951,9020,9055,9219,9248,9395,9459,9571,9578,9591,9606,9645,9773,9809,9921,9933,10029
1,32,73,101,137,182,227,229,250,255,327,366,375,398,583,630,706,794,876,1029,1060,1363,1432,1435,1445,1556,1565,1684,1820,1871,1912,1946,1963,2050,2122,2125,2186,2238,2246,2315,2484,2543,2595,2648,2852,2941,2998,3120,3142,3183,3229,3282,3317,3341,3423,3439,3500,3611,3620,3668,3694,3759,3763,3823,3852,3862,3932,3941,3951,3958,4044,4239,4288,4321,4364,4455,4483,4567,4589,4607,4734,4836,4846,5002,5039,5065,5203,5278,5281,5332,5382,5423,5468,5487,5543,5574,5706,5718,5730,5752,5904,5943,5973,6063,6238,6246,6387,6422,6455,6456,6459,6503,6509,6616,6664,6770,6859,6863,6868,6969,6976,7237,7339,7415,7443,7460,7546,7596,7609,7627,7628,7672,7703,7716,7948,8155,8201,8245,8343,8410,8470,8471,8493,8512,8513,8521,8586,8656,8735,8749,8787,8870,8873,8918,8925,9030,9044,9052,9060,9079,9107,9128,9139,9163,9203,9208,9314,9328,9368,9438,9450,9461,9476,9483,9486,9488,9489,9517,9529,9558,9589,9624,9629,9641,9660,9669,9711,9718,9729,9734,9742,9810,9862,9896,9950,9958,9970,9978,10051,10078,10084,10085,10092,10152,10189
108,286,405,435,471,483,651,669,846,1187,1467,1534,1541,1633,1964,2065,2216,2405,2727,2778,2829,2906,2955,3023,3026,3180,3736,3797,3908,4042,4116,4407,4419,4764,4796,5572,5864,6119,6245,6348,6460,6486,6609,6950,7083,7098,7569,7824,7850,8134,8257,8535,8665,9626,9643,9819,9870,10003,10062
92,266,447,498,569,682,849,851,861,862,884,932,948,949,1139,1164,1246,1615,1729,1734,1807,1942,1994,2040,2075,2181,2250,2305,2310,2311,2312,2313,2314,2339,2344,2548,2705,2707,2724,2813,2820,2854,2890,2962,3146,3167,3393,3458,3635,3636,3676,3992,4038,4039,4040,4057,4060,4061,4339,4375,4642,4746,5069,5071,5073,5076,5169,5225,5229,5241,5743,5947,5978,6075,6085,6229,6351,6549,6580,6590,6629,6825,6905,6991,7058,7125,7320,7389,7471,7473,7532,7570,7571,7573,7698,7849,8029,8045,8057,8059,8062,8099,8105,8118,8185,8202,8522,8604,8740,8859,8874,9092,9184,9374,9398,9406,10157
69,132,133,136,216,246,267,303,331,367,384,504,592,654,713,743,797,913,1222,1223,1230,1265,1275,1321,1329,1403,1426,1470,1594,1717,1737,1840,1983,2090,2118,2165,2303,2450,2567,2568,2683,2754,2929,2940,3083,3252,3277,3406,3407,3408,3658,3918,3931,3964,4149,4179,4198,4436,4465,4488,4545,4625,4630,4635,4715,4774,4843,4854,4929,4931,5117,5123,5264,5374,5570,5621,5622,5623,5645,5903,6015,6109,6173,6225,6350,6451,6478,6515,6684,6709,6710,6757,6767,7136,7630,7694,7746,7887,7949,8001,8172,8193,8411,8546,8778,8848,8902,9116,9269,9400,9401,9584,9814,9842,9887,10145
508,735,2372,2408,2649,2938,4736,5391,5431,5568,5648,5764,5876,6474,6511,6535,6847,7639,7643,7815,7816,8485,8686,9019,9535,9937
290,518,2579,2672,2764,2851,3258,3774,5287,5884,6209,6274,6719,7066,7228,7240,7288,7310,7401,7427,7447,7512,8067,8070,8078,8085,8088,8102,8217,8236,8256,8285,8367,8592,8649,8652,8654,8993,9053,9134,9617,9971,10031,10071
60,240,363,425,436,673,928,1083,1145,1551,1599,1643,1851,2024,2208,2342,2662,2782,2785,2865,2956,3152,3390,3391,3688,4041,4226,4240,4241,4300,4535,4872,5000,5020,5321,5442,5616,5786,5861,6038,6505,6614,6795,7091,7909,7968,8397,8418,8539,8856,9375,9524,9596,9628,9755,10137
144,200,214,251,281,355,421,475,522,639,731,831,832,833,836,859,867,868,990,991,992,993,1010,1011,1035,1140,1155,1162,1170,1253,1304,1396,1406,1497,1539,1618,1712,1727,1797,1798,1799,1926,1969,1979,2105,2204,2206,2271,2308,2318,2388,2467,2472,2487,2564,2641,2732,2797,3073,3273,3325,3329,3389,3472,3541,3667,3746,3825,3832,3965,4030,4071,4160,4254,4404,4449,4496,4599,4606,4640,4649,4778,4855,4924,5029,5049,5175,5351,5420,5751,5776,5953,6061,6158,6260,6404,6472,6556,6656,6671,6688,6690,6740,6822,6823,6826,6889,7044,7072,7080,7225,7323,7364,7390,7482,7490,7503,7517,7586,7947,7952,8011,8019,8089,8103,8115,8176,8204,8483,8549,8614,8647,8998,9003,9137,9224,9519,9744,10153
379,584,679,695,699,1046,1111,1160,2156,2276,2364,2530,2816,3160,3174,3405,3463,3514,3944,4145,4153,4541,4688,4755,4831,5341,5624,5923,5926,5990,6005,6332,6390,6473,6708,6727,6906,6916,7178,7179,7210,7362,7399,7486,7551,7576,7593,7787,7927,8075,8199,8263,8287,8290,8342,8350,8362,8363,8490,8541,8542,8560,8676,8860,8881,8891,8903,8907,8945,8948,8949,8953,9037,9085,9496,9751,9902,9948,10019,10036,10053,10075,10105,10112
105,124,139,211,433,456,642,714,905,1072,1075,1114,1285,1530,1587,1704,2124,2396,2501,2639,2640,2821,2882,2935,3007,3249,3250,3542,3573,3739,3876,4418,4750,4857,4858,5139,5301,5717,6026,6084,6305,6499,6720,6748,6964,6979,7030,7186,7367,7386,7421,7430,7585,7625,7657,7750,8277,8518,8756,8969,9242,9294,9441,9508,9735,10056
180,700,816,817,818,819,824,825,826,837,838,848,854,855,864,865,866,869,870,872,874,875,877,878,879,880,881,882,891,893,895,977,1050,1052,1142,1186,1373,1720,1723,1724,1726,1728,1730,1731,1738,1825,1841,1892,1995,2002,2007,2411,2413,2424,2428,2434,2614,2671,2701,2702,2703,2706,2822,2855,2856,2880,2881,2891,2902,2909,2912,2954,2982,3054,3101,3113,3189,3205,3274,3320,3352,3362,3363,3364,3375,3388,3396,3457,3532,3561,3581,3638,3671,3673,3887,3895,3921,4031,4105,4130,4495,4609,4618,4703,4723,4743,4783,4799,4841,4851,4852,4853,4913,4914,4915,4916,4917,5006,5052,5074,5082,5083,5226,5499,5636,5650,5673,5697,5869,5872,5894,5916,5942,5996,6053,6062,6064,6103,6138,6140,6152,6358,6475,6521,6525,6526,6536,6537,6538,6539,6659,6660,6662,6663,6665,6666,6668,6669,6680,6685,6691,6701,6741,6818,6821,6828,6829,6878,6893,6914,6937,6970,6985,7003,7057,7079,7081,7082,7104,7119,7122,7123,7144,7161,7192,7195,7196,7197,7198,7199,7256,7297,7300,7316,7321,7359,7368,7382,7391,7402,7408,7409,7429,7432,7458,7461,7484,7489,7493,7500,7502,7505,7509,7510,7515,7530,7534,7538,7539,7554,7597,7640,7656,7660,7674,7675,7676,7677,7682,7692,7693,7695,7697,7714,7731,7743,7744,7745,7749,7751,7752,7755,7886,7955,7961,7962,7969,7970,7976,7997,7999,8000,8003,8004,8006,8009,8010,8012,8013,8016,8017,8022,8023,8024,8025,8027,8028,8032,8035,8036,8037,8038,8039,8041,8043,8047,8049,8058,8068,8203,8451,8458,8463,8496,8499,8503,8504,8526,8563,8589,8609,8610,8611,8620,8637,8638,8639,8642,8644,8680,8691,8721,8779,8780,8862,8913,9016,9047,9131,9152,9168,9232,9318,9341,9432,9468,9690,9694,9750,9920,10177,10193
2,91,209,541,549,582,638,657,918,1027,1238,1836,1876,2076,2093,2126,2174,2489,2788,2789,2869,3181,3184,3773,3801,4017,4303,4341,4677,5034,6520,7412,7673,7818,8900,8910,9120,9363
89,142,307,602,723,792,883,1036,1125,1161,1233,1477,1553,1751,2083,2263,2482,2534,2714,2988,3600,3682,3731,3897,3945,4392,4423,4446,4887,4922,5274,5293,5418,5496,5605,6020,6065,6216,6714,6953,7023,7464,7480,7545,7733,7738,7740,8315,8377,8403,8629,8728,9146,9238,9497,9550,9552,9553,9792,9800,9843
29,107,118,313,427,429,709,777,778,783,789,800,894,980,1106,1166,1367,1401,1576,1629,1754,1824,1989,2044,2361,2379,2385,2397,2401,2414,2646,2690,2737,2916,3013,3034,3123,3175,3359,3502,3680,3704,3791,3847,3903,3948,4066,4137,4139,4140,4192,4297,4310,4395,4529,4537,4692,4741,4754,4926,5160,5190,5415,5668,5742,5902,6014,6019,6098,6131,6241,6288,6333,6340,6341,6342,6423,6522,6523,6676,6700,6717,6830,7007,7047,7051,7208,7234,7282,7701,7725,7768,7770,7803,7822,7917,7946,8051,8188,8216,8228,8231,8241,8246,8252,8266,8272,8280,8282,8289,8307,8353,8538,8565,8666,8668,8865,8990,9065,9164,9169,9185,9218,9349,9359,9360,9421,9479,9627,9815,9838,9901,9919,9963,10012,10124,10171,10178
220,382,414,439,753,767,812,951,973,1189,1375,1400,1492,1588,1624,1779,1780,1810,1897,2064,2367,2373,2603,2748,2787,2835,3102,3103,3149,3235,3286,3328,3347,3506,3521,3606,3892,3946,3987,4447,4510,4512,4673,4728,4788,5116,5224,5489,5770,5811,6042,6070,6072,6073,6433,6448,6531,6739,6817,7577,7800,8050,8386,8673,8901,8976,9038,9165,9342,9587,9946,9979,10023,10088,10130
50,106,135,150,156,161,184,244,248,257,282,321,335,346,348,371,386,395,410,413,420,473,502,519,564,580,596,606,628,725,746,764,766,787,821,827,828,840,845,915,968,989,1002,1003,1034,1101,1117,1130,1153,1175,1192,1232,1282,1327,1330,1335,1337,1347,1420,1429,1433,1437,1451,1455,1479,1531,1560,1595,1596,1620,1623,1628,1700,1715,1732,1746,1747,1749,1817,1953,1975,2021,2032,2084,2117,2123,2131,2152,2207,2215,2227,2228,2252,2286,2320,2322,2353,2436,2466,2473,2492,2498,2507,2532,2533,2566,2588,2596,2616,2628,2637,2728,2736,2738,2741,2755,2760,2769,2770,2791,2818,2833,2860,2864,2867,2924,2994,3000,3020,3040,3069,3099,3156,3157,3158,3161,3162,3234,3236,3243,3261,3276,3315,3327,3338,3360,3424,3447,3453,3462,3504,3528,3538,3598,3601,3621,3656,3657,3662,3714,3717,3726,3762,3844,3894,3981,3997,4093,4131,4185,4209,4268,4324,4329,4384,4391,4444,4505,4514,4528,4558,4593,4594,4622,4661,4665,4681,4763,4867,4947,5016,5026,5041,5068,5070,5091,5103,5135,5167,5249,5333,5361,5381,5466,5511,5597,5608,5611,5642,5703,5710,5722,5766,5775,5778,5781,5800,5823,5826,5853,5871,5927,5956,6016,6077,6094,6116,6157,6214,6242,6271,6277,6278,6320,6322,6324,6369,6479,6496,6544,6548,6558,6584,6603,6633,6643,6723,6730,6785,6787,6804,6855,6876,6962,7013,7016,7055,7176,7284,7319,7363,7398,7431,7474,7504,7547,7590,7603,7614,7621,7633,7700,7758,7839,7878,7885,7913,7923,7930,7973,7986,8015,8042,8048,8054,8114,8142,8145,8190,8251,8288,8332,8388,8417,8478,8514,8523,8544,8752,8763,8781,8814,8830,8899,8904,8927,8933,8979,8991,9001,9082,9158,9197,9217,9278,9347,9352,9413,9444,9470,9491,9495,9590,9615,9634,9636,9670,9679,9697,9702,9704,9707,9732,9769,9806,9832,9836,9837,9849,9880,9891,9941,9954,9997,10025,10039,10042,10049,10063,10111,10162,10163,10187
3,7,11,64,65,81,83,84,85,114,117,123,147,152,166,179,181,190,195,199,213,223,226,237,256,260,264,265,270,284,292,293,306,308,314,315,317,322,337,358,362,373,377,387,390,396,399,406,407,411,417,419,426,428,430,434,446,451,452,453,459,460,464,465,467,472,478,479,480,491,497,500,501,509,517,534,540,552,556,567,568,607,608,610,647,670,675,678,680,688,692,693,696,718,730,747,755,765,769,774,776,780,781,785,796,804,896,902,912,914,920,924,939,944,950,965,978,997,1009,1016,1031,1040,1059,1062,1065,1092,1123,1128,1131,1132,1154,1163,1172,1194,1196,1202,1203,1204,1205,1211,1214,1215,1216,1237,1243,1247,1250,1260,1261,1268,1270,1271,1295,1315,1323,1332,1358,1359,1376,1395,1397,1409,1412,1439,1450,1472,1480,1496,1499,1512,1524,1537,1542,1561,1606,1616,1648,1649,1675,1681,1722,1759,1764,1766,1769,1770,1771,1772,1773,1786,1787,1789,1809,1818,1826,1828,1829,1832,1833,1834,1839,1843,1849,1865,1877,1882,1889,1891,1898,1907,1908,1913,1914,1916,1941,1947,1967,1993,2029,2031,2033,2035,2037,2041,2042,2043,2047,2049,2056,2082,2087,2089,2092,2094,2095,2100,2101,2110,2127,2128,2163,2180,2183,2184,2190,2191,2195,2200,2202,2205,2235,2240,2243,2247,2251,2254,2255,2256,2257,2268,2282,2288,2290,2294,2295,2296,2297,2299,2301,2304,2307,2317,2326,2327,2362,2391,2392,2437,2442,2443,2471,2504,2513,2518,2524,2526,2549,2553,2561,2563,2565,2571,2577,2580,2584,2586,2604,2619,2621,2623,2631,2632,2635,2642,2653,2658,2687,2688,2689,2696,2711,2721,2725,2731,2743,2756,2774,2776,2780,2781,2784,2795,2803,2805,2819,2830,2832,2837,2846,2849,2859,2861,2862,2870,2876,2907,2923,2933,2934,2944,2951,2953,2963,2964,2968,2972,2979,2980,2984,2992,2996,3009,3035,3045,3050,3053,3056,3061,3062,3085,3088,3089,3096,3097,3109,3116,3119,3122,3124,3126,3128,3132,3134,3135,3153,3154,3163,3164,3165,3168,3171,3172,3173,3176,3191,3195,3206,3207,3219,3224,3228,3231,3233,3239,3241,3242,3246,3247,3255,3269,3283,3295,3296,3300,3306,3307,3309,3312,3321,3322,3324,3326,3331,3333,3334,3339,3340,3348,3372,3378,3379,3385,3387,3398,3409,3410,3416,3419,3428,3430,3431,3433,3442,3443,3445,3449,3450,3459,3469,3482,3483,3484,3485,3489,3490,3501,3516,3524,3527,3543,3547,3549,3550,3551,3556,3562,3569,3572,3580,3587,3588,3630,3631,3632,3633,3643,3648,3649,3663,3666,3674,3709,3719,3724,3735,3744,3750,3751,3752,3755,3756,3766,3768,3769,3772,3782,3783,3792,3793,3795,3798,3799,3804,3808,3809,3810,3812,3813,3815,3817,3819,3820,3822,3824,3833,3834,3835,3836,3838,3840,3843,3865,3866,3869,3884,3885,3889,3890,3891,3893,3901,3902,3907,3909,3910,3917,3922,3952,3962,3967,3980,3985,3986,3993,3994,4004,4018,4019,4021,4023,4025,4027,4032,4043,4050,4054,4055,4056,4063,4064,4080,4083,4096,4100,4111,4114,4124,4128,4141,4152,4158,4161,4167,4168,4169,4173,4174,4176,4178,4181,4183,4186,4187,4188,4189,4190,4191,4197,4200,4201,4203,4207,4210,4217,4221,4222,4227,4232,4245,4246,4247,4249,4255,4257,4261,4262,4267,4270,4272,4273,4274,4275,4279,4284,4290,4295,4296,4298,4299,4302,4305,4311,4312,4313,4317,4319,4323,4325,4326,4328,4343,4344,4346,4347,4348,4350,4354,4355,4357,4359,4360,4361,4363,4367,4370,4372,4376,4378,4379,4389,4394,4401,4408,4430,4437,4442,4450,4451,4458,4462,4478,4480,4501,4503,4504,4506,4517,4521,4523,4526,4542,4550,4551,4557,4566,4587,4592,4601,4604,4608,4611,4620,4623,4628,4634,4636,4638,4641,4646,4652,4654,4655,4658,4671,4689,4691,4704,4707,4709,4716,4731,4739,4747,4761,4762,4771,4810,4814,4816,4825,4829,4834,4847,4865,4869,4873,4883,4888,4890,4891,4892,4895,4896,4898,4900,4903,4905,4911,4921,4933,4936,4944,4954,4957,4968,4977,4978,4981,4985,4986,5008,5015,5018,5021,5033,5035,5037,5038,5046,5047,5053,5086,5089,5106,5107,5110,5128,5130,5132,5133,5145,5148,5150,5154,5163,5166,5177,5195,5197,5199,5210,5218,5221,5228,5233,5236,5250,5252,5253,5254,5255,5260,5265,5266,5269,5275,5284,5285,5290,5292,5294,5303,5305,5320,5326,5356,5359,5367,5369,5370,5371,5375,5384,5385,5390,5392,5393,5399,5408,5416,5422,5428,5433,5439,5441,5445,5459,5462,5463,5477,5478,5482,5483,5504,5506,5507,5508,5514,5517,5521,5525,5529,5530,5536,5539,5551,5552,5573,5580,5583,5588,5592,5594,5599,5615,5627,5641,5654,5658,5660,5678,5681,5682,5685,5689,5690,5696,5698,5699,5702,5708,5728,5733,5735,5737,5755,5756,5760,5771,5777,5783,5787,5788,5791,5793,5816,5817,5818,5819,5820,5821,5835,5840,5845,5846,5847,5848,5849,5851,5855,5875,5877,5879,5881,5887,5891,5901,5912,5914,5929,5950,5954,5955,5960,5961,5967,5970,5974,5988,5994,5998,6003,6008,6022,6023,6024,6030,6032,6035,6045,6046,6050,6051,6052,6058,6059,6074,6080,6088,6089,6092,6095,6101,6104,6105,6117,6130,6132,6135,6139,6143,6146,6147,6148,6150,6172,6176,6183,6185,6187,6188,6199,6200,6202,6210,6217,6226,6230,6233,6236,6243,6247,6248,6250,6253,6258,6267,6272,6276,6279,6296,6311,6314,6334,6338,6339,6356,6359,6363,6365,6366,6402,6405,6411,6412,6431,6436,6439,6446,6457,6462,6463,6464,6467,6469,6480,6487,6507,6516,6519,6524,6530,6557,6607,6617,6619,6627,6635,6638,6649,6693,6703,6705,6726,6732,6735,6749,6750,6753,6754,6764,6777,6788,6791,6796,6799,6800,6807,6810,6814,6827,6831,6834,6835,6837,6842,6843,6845,6856,6857,6862,6874,6875,6877,6879,6882,6884,6885,6888,6890,6892,6895,6904,6911,6915,6931,6942,6955,6958,6977,6992,6999,7008,7010,7018,7021,7035,7040,7042,7062,7087,7088,7100,7105,7111,7118,7120,7121,7124,7127,7128,7130,7131,7135,7157,7164,7165,7168,7180,7182,7184,7185,7194,7202,7209,7212,7213,7218,7219,7222,7223,7224,7233,7236,7241,7242,7243,7246,7271,7277,7280,7286,7287,7290,7302,7311,7317,7322,7324,7327,7333,7335,7341,7351,7358,7360,7373,7387,7394,7403,7407,7424,7426,7440,7441,7448,7452,7455,7459,7462,7485,7487,7491,7492,7520,7527,7531,7535,7540,7544,7552,7553,7555,7556,7559,7565,7578,7579,7581,7592,7595,7599,7601,7602,7604,7618,7619,7632,7636,7641,7652,7655,7658,7669,7670,7678,7681,7683,7684,7687,7689,7690,7691,7702,7705,7715,7722,7726,7735,7736,7737,7739,7741,7742,7766,7789,7796,7805,7809,7814,7821,7844,7845,7846,7851,7852,7854,7857,7859,7860,7861,7863,7867,7873,7876,7883,7884,7890,7893,7901,7905,7907,7918,7919,7926,7950,7951,7953,7956,7957,7960,7964,7966,7974,7975,7980,8008,8069,8084,8092,8093,8095,8101,8111,8135,8147,8159,8162,8165,8167,8169,8178,8192,8195,8200,8212,8224,8226,8249,8258,8262,8264,8265,8273,8275,8281,8294,8298,8317,8394,8396,8401,8405,8415,8421,8452,8465,8466,8467,8469,8474,8479,8494,8497,8498,8529,8530,8559,8568,8577,8578,8581,8587,8606,8608,8628,8643,8658,8659,8660,8663,8672,8679,8681,8684,8689,8695,8702,8703,8707,8716,8718,8719,8743,8784,8788,8793,8794,8795,8796,8799,8801,8803,8804,8805,8811,8816,8839,8850,8854,8861,8863,8884,8885,8894,8912,8916,8917,8932,8966,8972,8982,8983,8985,9029,9034,9045,9061,9063,9073,9099,9100,9106,9112,9117,9119,9135,9156,9157,9161,9166,9173,9176,9183,9188,9193,9206,9214,9215,9220,9228,9229,9237,9240,9247,9250,9262,9282,9289,9291,9295,9297,9298,9305,9309,9310,9321,9324,9350,9355,9391,9394,9412,9415,9416,9430,9434,9490,9492,9512,9527,9531,9545,9560,9566,9583,9585,9586,9597,9604,9608,9610,9616,9642,9650,9654,9661,9682,9685,9686,9692,9719,9766,9789,9807,9840,9875,9892,9895,9925,9932,9955,9964,9976,9981,9991,9993,10008,10013,10033,10067,10072,10077,10080,10090,10093,10122,10141,10154,10161,10164,10184,10194
46,476,514,619,1105,1386,1414,1586,1613,1813,2146,2293,2400,2613,2792,2827,2850,2922,2978,3230,3284,3533,3575,3879,4248,4441,4927,4970,5028,5085,5141,5174,5297,5307,5308,5309,5322,5358,5449,5541,5565,5662,5719,5769,5883,5910,6036,6151,6181,6221,6263,6275,6289,6330,6336,6632,6751,6841,7050,7070,7075,7155,7227,7244,7249,7250,7251,7272,7304,7315,7355,7369,7378,7422,7451,7528,7720,7762,7779,7912,8065,8074,8076,8079,8081,8082,8083,8121,8138,8152,8153,8274,8278,8302,8308,8328,8335,8341,8345,8372,8406,8420,8427,8473,8475,8519,8593,8682,8724,8934,8958,9014,9182,9285,9386,9457,9777,9931,9935,9995,10048,10052,10070,10082,10083,10097,10103,10110,10123,10125,10128,10150,10186
22,26,61,78,80,96,102,111,112,125,127,129,134,146,154,157,173,174,175,192,196,203,204,205,221,234,252,258,275,276,283,298,302,309,328,330,352,372,380,385,388,424,440,448,450,477,530,542,548,551,554,559,575,585,594,597,598,603,623,626,635,640,641,645,653,660,665,671,672,686,698,708,710,717,719,721,732,734,736,737,748,758,761,768,779,790,809,811,815,858,892,898,901,903,969,987,994,1038,1039,1043,1045,1061,1079,1082,1096,1119,1129,1136,1208,1234,1239,1241,1259,1292,1297,1299,1312,1317,1340,1383,1391,1393,1419,1434,1446,1457,1474,1482,1483,1485,1486,1502,1503,1510,1517,1518,1536,1538,1555,1563,1564,1569,1571,1577,1579,1591,1592,1593,1597,1598,1604,1605,1647,1652,1655,1657,1661,1663,1666,1689,1694,1695,1698,1709,1801,1816,1855,1900,1923,1925,1944,1950,1951,1977,2020,2038,2045,2067,2070,2071,2109,2140,2141,2142,2143,2148,2153,2187,2217,2234,2273,2275,2280,2284,2319,2329,2352,2355,2357,2368,2381,2386,2395,2402,2403,2433,2447,2455,2457,2469,2485,2505,2515,2540,2550,2554,2578,2582,2585,2587,2591,2598,2599,2606,2610,2612,2622,2647,2655,2659,2697,2700,2704,2716,2723,2729,2735,2745,2757,2762,2766,2767,2771,2808,2809,2838,2875,2901,2913,2943,2946,2957,2993,2999,3025,3027,3031,3036,3043,3046,3055,3058,3060,3070,3074,3077,3078,3086,3091,3092,3094,3110,3115,3118,3144,3147,3150,3179,3186,3187,3200,3225,3262,3264,3266,3275,3278,3279,3290,3292,3293,3297,3302,3330,3342,3345,3346,3353,3384,3429,3460,3498,3505,3529,3530,3531,3534,3570,3571,3591,3592,3594,3596,3612,3615,3618,3622,3647,3650,3659,3669,3670,3690,3697,3703,3706,3743,3758,3764,3777,3780,3803,3842,3845,3846,3853,3855,3868,3874,3882,3883,3911,3915,3916,3920,3933,3937,3939,3947,3955,3963,3970,3972,3973,3998,4002,4003,4008,4012,4013,4015,4035,4037,4047,4051,4059,4075,4077,4085,4090,4092,4107,4134,4148,4155,4156,4164,4165,4166,4170,4171,4204,4211,4220,4224,4230,4237,4250,4266,4271,4292,4333,4342,4349,4387,4396,4398,4400,4409,4413,4417,4421,4424,4432,4440,4454,4457,4468,4469,4470,4474,4479,4481,4497,4498,4511,4515,4516,4543,4547,4548,4549,4552,4553,4555,4560,4581,4584,4612,4644,4647,4650,4653,4663,4683,4696,4698,4705,4719,4727,4729,4737,4738,4745,4784,4786,4789,4815,4818,4819,4827,4830,4835,4838,4840,4848,4877,4879,4906,4935,4943,4950,4953,4956,4967,4976,4989,4993,4998,5001,5013,5019,5022,5023,5027,5031,5045,5050,5051,5067,5094,5105,5147,5151,5152,5186,5188,5211,5212,5217,5231,5240,5257,5258,5268,5276,5288,5295,5296,5312,5325,5350,5353,5354,5386,5396,5400,5402,5403,5406,5414,5443,5447,5454,5458,5469,5474,5495,5498,5518,5522,5537,5549,5550,5563,5571,5576,5587,5593,5601,5607,5617,5633,5635,5657,5661,5669,5670,5688,5692,5693,5701,5711,5723,5727,5748,5749,5757,5758,5768,5779,5789,5796,5797,5832,5834,5837,5844,5866,5889,5895,5897,5907,5922,5924,5935,5940,5946,5951,5965,5966,5968,5969,5976,5980,5984,5989,5992,5995,6000,6021,6028,6060,6069,6076,6079,6090,6115,6118,6120,6122,6136,6137,6149,6153,6165,6167,6168,6193,6197,6205,6224,6235,6249,6254,6281,6290,6295,6306,6309,6312,6313,6315,6316,6331,6335,6368,6379,6380,6392,6395,6398,6403,6408,6409,6416,6435,6440,6450,6458,6482,6485,6488,6506,6514,6527,6543,6547,6555,6566,6570,6572,6573,6575,6581,6582,6591,6606,6612,6631,6655,6670,6673,6698,6706,6743,6747,6752,6773,6778,6779,6783,6784,6792,6794,6844,6848,6853,6858,6861,6880,6886,6899,6922,6924,6932,6939,6945,6951,6952,6959,6965,6983,6989,7000,7022,7027,7039,7048,7067,7068,7089,7096,7101,7106,7107,7133,7137,7141,7147,7150,7158,7160,7162,7167,7169,7170,7171,7172,7181,7183,7190,7200,7203,7255,7268,7276,7289,7308,7312,7326,7332,7338,7348,7379,7380,7397,7406,7410,7411,7413,7444,7453,7463,7469,7472,7494,7513,7560,7564,7566,7572,7574,7580,7584,7588,7605,7607,7611,7622,7638,7646,7663,7664,7668,7679,7710,7732,7747,7764,7765,7769,7771,7788,7801,7828,7829,7836,7842,7862,7864,7865,7888,7892,7896,7897,7898,7924,7928,7942,7945,7963,7971,7972,7979,7983,7990,8026,8030,8031,8040,8052,8053,8106,8116,8122,8126,8127,8137,8141,8158,8180,8184,8197,8198,8208,8233,8242,8254,8292,8293,8295,8306,8309,8312,8325,8327,8330,8336,8337,8358,8360,8364,8365,8376,8380,8381,8387,8389,8391,8395,8400,8414,8442,8446,8457,8461,8464,8472,8500,8505,8515,8528,8552,8553,8557,8561,8566,8567,8583,8590,8591,8596,8598,8600,8601,8621,8622,8624,8634,8635,8641,8674,8677,8683,8688,8692,8701,8704,8709,8710,8711,8720,8744,8747,8754,8760,8773,8783,8786,8810,8819,8827,8835,8844,8845,8855,8864,8872,8888,8895,8896,8897,8915,8921,8926,8930,8940,8944,8967,8974,8984,8994,9009,9022,9025,9027,9032,9035,9046,9057,9075,9083,9086,9089,9103,9110,9115,9132,9143,9149,9162,9172,9175,9180,9190,9199,9202,9211,9236,9244,9253,9259,9272,9290,9292,9296,9307,9322,9339,9343,9361,9365,9367,9377,9380,9389,9390,9393,9399,9436,9451,9453,9464,9471,9485,9493,9498,9520,9530,9532,9538,9557,9567,9575,9581,9607,9613,9618,9630,9647,9648,9651,9663,9664,9666,9667,9676,9677,9698,9714,9715,9722,9724,9740,9756,9765,9767,9768,9770,9782,9787,9795,9796,9797,9799,9802,9804,9805,9817,9818,9824,9850,9857,9860,9863,9871,9873,9878,9888,9900,9907,9912,9913,9917,9922,9924,9926,9927,9928,9940,9943,9944,9947,9949,9952,9953,9959,9960,9972,9974,9984,9998,10011,10018,10022,10024,10030,10035,10043,10044,10054,10087,10104,10107,10113,10114,10116,10119,10126,10132,10136,10156,10158,10160,10172,10173,10175,10176,10180,10185,10190,10191
75,103,121,231,350,615,621,624,650,760,788,871,982,1055,1070,1099,1120,1146,1148,1227,1380,1688,1719,1804,1869,1954,1955,2017,2106,2249,2274,2464,2544,2592,2970,2981,3270,3310,3323,3493,3566,3629,3779,3926,3979,4065,4081,4104,4136,4138,4459,4616,4656,4742,4744,4757,4779,4806,4809,4902,4959,5072,5149,5164,5187,5198,5201,5277,5378,5404,5405,5411,5426,5427,5527,5540,5545,5556,5562,5674,5679,5767,5772,5792,5858,5868,5890,6134,6192,6204,6325,6337,6385,6597,6678,6819,6925,6933,6938,6957,7046,7054,7153,7207,7239,7328,7356,7377,7541,7589,7648,7653,7721,7753,7982,7992,8267,8316,8320,8347,8361,8412,8444,8476,8509,8510,8525,8532,8575,8584,8645,8655,8727,8776,8869,9036,9090,9308,9312,9403,9522,9659,9762,9835,9853,9867,9908,10068,10166,10183
25,278,323,416,627,722,835,1053,1073,1137,1173,1408,1416,1527,1868,2134,2219,2343,2370,2398,2463,2615,2664,2691,2790,2848,2932,2937,2960,3209,3214,3280,3523,3545,3975,3983,3984,3990,4095,4119,4133,4143,4340,4383,4800,4817,4839,4842,4850,5099,5144,5368,5628,5653,5672,5721,5785,5814,5909,5918,5972,6033,6044,6198,6223,6228,6232,6234,6303,6357,6383,6596,6610,6634,6667,6677,6699,6724,6793,6840,6920,6987,7156,7226,7269,7298,7314,7361,7385,7475,7496,7634,7680,7704,7712,7728,7791,7819,8091,8148,8284,8368,8378,8430,8433,8502,8603,8675,8685,8745,8761,8890,8935,8977,9655,9894,9994,10127
5,17,38,44,53,59,155,186,224,285,354,364,408,418,423,458,463,474,531,562,566,574,661,663,793,802,841,911,917,971,979,1000,1004,1021,1037,1133,1138,1167,1171,1217,1226,1235,1256,1257,1302,1333,1342,1344,1351,1356,1368,1399,1417,1444,1456,1466,1481,1506,1557,1581,1582,1634,1651,1669,1673,1690,1716,1733,1748,1763,1776,1794,1795,1796,1808,1901,1902,1904,1906,1918,1939,1997,1998,2059,2073,2080,2121,2166,2196,2203,2212,2213,2277,2279,2281,2292,2389,2438,2446,2454,2516,2517,2538,2546,2625,2633,2645,2668,2783,2794,2806,2831,2872,2877,2897,2898,2918,2931,2945,2965,2971,3005,3012,3021,3051,3079,3087,3166,3185,3192,3227,3244,3271,3349,3368,3383,3402,3414,3435,3478,3499,3577,3579,3685,3753,3788,3789,3800,3929,3968,4034,4036,4070,4102,4172,4216,4283,4337,4467,4471,4513,4539,4540,4632,4675,4700,4711,4730,4748,4824,4828,4861,4991,5007,5009,5127,5157,5204,5206,5310,5342,5380,5388,5548,5675,5683,5802,5828,5831,5865,5920,5981,6011,6025,6067,6110,6128,6162,6203,6218,6219,6259,6308,6327,6346,6414,6417,6444,6508,6611,6641,6650,6711,6721,6728,6849,6980,6982,6990,7090,7115,7174,7296,7350,7352,7392,7438,7465,7707,7775,7782,7806,7830,7848,7932,8033,8071,8110,8125,8161,8170,8189,8194,8230,8351,8424,8434,8579,8715,8753,8770,8791,8836,8867,8871,8965,8992,9111,9118,9124,9258,9273,9284,9300,9353,9356,9381,9448,9501,9504,9528,9533,9544,9592,9611,9684,9689,9699,9705,9759,9816,9859,9904,9965,10038,10181
8,31,35,55,131,230,409,445,489,513,525,570,613,687,751,886,934,966,1063,1076,1077,1149,1157,1159,1225,1324,1394,1484,1494,1507,1533,1639,1658,1736,1756,1921,1974,2066,2086,2097,2144,2155,2157,2192,2198,2248,2481,2491,2495,2531,2572,2663,2665,2667,2708,2742,2746,2779,2801,2814,2839,2896,2925,2942,3057,3081,3151,3268,3337,3395,3432,3517,3560,3625,3645,3660,3678,3681,3702,3727,3754,3757,3790,4024,4182,4199,4269,4294,4307,4453,4554,4701,4717,4718,4751,4791,4880,4909,4920,4930,4941,5178,5222,5289,5336,5362,5379,5435,5444,5490,5516,5564,5595,5649,5655,5790,5829,5905,5982,6078,6108,6371,6426,6494,6602,6836,6838,7036,7126,7245,7278,7318,7334,7388,7419,7470,7478,7521,7523,7610,7624,7662,7760,7833,7841,7869,7874,7922,8087,8144,8240,8283,8392,8437,8441,8531,8551,8597,8661,8817,8828,8853,8868,8952,9017,9026,9041,9042,9071,9101,9200,9270,9275,9346,9369,9428,9446,9449,9463,9510,9511,9646,9662,9696,9731,9745,9746,9753,9758,9771,9820,9898,9989,10001,10002,10060,10061,10064,10120,10143,10179
23,52,98,187,263,324,359,378,392,422,432,488,577,617,742,1190,1283,1286,1316,1319,1346,1357,1526,1546,1609,1665,1683,1685,1752,1830,1863,1864,1867,2113,2168,2178,2211,2229,2241,2242,2244,2283,2309,2332,2366,2453,2478,2576,2675,2749,2750,2786,2910,3197,3288,3351,3401,3456,3481,3640,3642,3661,3715,3716,3732,3749,3924,3935,4212,4411,4415,4438,4500,4564,4648,4672,4826,4870,4948,5040,5180,5205,5232,5314,5364,5509,5524,5579,5830,5915,6107,6191,6287,6372,6399,6429,6453,6466,6495,6497,6978,6996,7015,7045,7248,7299,7405,7524,7870,7880,7903,7977,8171,8205,8449,8508,8536,8564,8832,8999,9094,9148,9252,9279,9288,9317,9319,9333,9382,9462,9601,9822,9884,10010,10182
15,24,100,183,217,381,520,528,873,952,1024,1193,1267,1278,1310,1311,1322,1326,1370,1405,1465,1679,1708,1793,1847,1940,1961,2015,2030,2099,2170,2194,2335,2351,2359,2718,2752,2777,2863,2936,2997,3010,3065,3080,3121,3222,3232,3316,3417,3602,3654,3655,3677,3692,3745,3748,3796,3864,3878,3888,3906,3936,3953,3959,3977,4097,4113,4117,4127,4157,4265,4335,4369,4422,4439,4499,4633,4897,5064,5173,5189,5207,5347,5373,5665,5680,5745,5841,5874,6237,6468,6589,6626,6746,6902,7017,7108,7132,7175,7232,7457,7543,7558,7608,7616,7792,7813,7875,8086,8157,8221,8416,8599,8625,8849,8997,9006,9366,9481,9712,9851,9879,9886,10055
170,254,277,336,365,368,370,468,545,576,652,702,757,860,937,970,1126,1206,1254,1255,1313,1603,1800,1815,1844,1848,2022,2185,2189,2223,2259,2493,2522,2682,2926,2961,2990,3015,3052,3253,3386,3415,3454,3455,3518,3525,3564,3665,3728,3738,3923,3938,3996,4022,4028,4110,4219,4291,4314,4327,4345,4352,4390,4393,4428,4491,4583,4726,4908,4979,4980,5059,5104,5425,5455,5481,5747,5809,5827,6096,6182,6195,6302,6328,6349,6375,6533,6560,6563,6637,6722,6894,6908,6910,6921,7025,7116,7206,7230,7266,7267,7270,7466,7606,7802,7879,8063,8064,8100,8109,8112,8150,8160,8168,8196,8235,8253,8297,8321,8326,8456,8520,8605,8650,8678,8725,8734,8746,8929,8941,8981,9039,9068,9144,9227,9267,9280,9405,9431,9466,9554,9598,9602,9622,9674,9720,9748,9778,9780,9951,10005,10121,10129
235,300,326,347,431,438,442,505,563,683,770,964,1108,1151,1207,1221,1413,1441,1459,1535,1600,1650,1744,1750,1762,1790,1852,1928,1938,1952,1987,2027,2028,2102,2201,2289,2525,2558,2608,2617,2681,2684,2812,2866,3001,3003,3210,3211,3404,3605,3710,3711,3761,4162,4223,4256,4373,4443,4686,4781,4787,4939,5118,5140,5209,5244,5389,5410,5486,5581,5677,5810,6510,6625,6630,6772,6866,7807,8225,8445,8547,8699,8851,8883,8931,8954,8970,9140,9150,9198,9283,9301,9325,9678,9779,9783,9788,9811,10081
21,215,269,441,481,524,689,727,822,923,999,1008,1118,1122,1220,1252,1272,1293,1407,1428,1438,1463,1469,1549,1705,1725,1757,1929,1970,2081,2159,2346,2768,2914,2952,2973,3044,3100,3182,3196,3400,3448,3461,3563,3593,3741,3775,3829,3858,4069,4101,4194,4253,4260,4277,4527,4546,4631,4643,4803,4822,4925,4961,4975,4984,5030,5219,5324,5401,5700,5731,6121,6265,6298,6299,6447,6491,6583,6672,6686,6716,6763,6802,6811,6824,6923,7053,7145,7214,7342,7346,7435,7826,7987,8090,8156,8181,8210,8213,8440,8450,8588,9201,9265,9563,9631,9845,9847,9930,10026,10135,10139,10148
14,201,242,305,449,930,988,1089,1188,1200,1296,1378,1430,1489,1508,1523,1831,1850,1856,1937,1986,1990,2001,2111,2182,2264,2382,2393,2409,2410,2417,2427,2432,2644,2660,2895,3138,3367,3589,3627,3644,3712,3839,3976,4142,4282,4402,4445,4629,4639,4725,4766,4866,4990,5060,5176,5215,5227,5291,5318,5328,5651,5704,5815,6034,6068,6083,6124,6189,6201,6270,6415,6434,6465,6529,6578,6594,6696,6737,6776,6846,6852,6883,6993,7114,7159,7217,7221,7273,7357,7434,7456,7476,7519,7794,7894,7940,7965,7967,7988,8002,8046,8108,8119,8130,8182,8219,8349,8431,8435,8436,8462,8694,8898,8957,9012,9129,9189,9234,9518,9542,9725,9929,9967,10101
9,93,104,158,164,232,247,249,274,318,401,482,487,533,558,605,620,656,662,685,712,813,843,887,897,953,962,983,1006,1026,1085,1087,1088,1100,1102,1112,1144,1199,1284,1306,1360,1379,1388,1436,1476,1514,1522,1528,1578,1630,1644,1645,1646,1702,1735,1742,1745,1753,1761,1819,1822,1887,1934,1980,1992,1999,2000,2003,2005,2006,2008,2010,2012,2013,2046,2088,2160,2173,2197,2209,2226,2330,2358,2384,2387,2404,2419,2449,2490,2500,2514,2528,2552,2555,2589,2600,2605,2618,2624,2694,2715,2733,2753,2807,2874,2919,2927,2959,2969,2975,3004,3038,3047,3075,3130,3177,3190,3193,3202,3215,3223,3245,3263,3272,3301,3303,3319,3332,3373,3376,3437,3441,3511,3583,3586,3721,3807,3821,3875,3880,3898,3899,3991,4078,4122,4196,4214,4234,4243,4287,4301,4397,4460,4487,4508,4533,4563,4590,4598,4627,4662,4667,4668,4669,4687,4690,4694,4699,4720,4805,4859,4868,4871,4886,4918,4952,4969,5055,5088,5112,5131,5137,5171,5184,5259,5273,5346,5398,5424,5452,5461,5493,5567,5585,5586,5619,5625,5631,5640,5715,5763,5782,5784,5822,5833,5873,5941,5986,6054,6057,6066,6097,6099,6113,6156,6170,6177,6186,6206,6215,6252,6256,6269,6273,6283,6301,6318,6397,6401,6425,6470,6498,6512,6528,6571,6601,6642,6679,6683,6733,6738,6766,6790,6798,6801,6913,6956,7006,7038,7073,7112,7113,7138,7189,7220,7235,7285,7347,7354,7371,7384,7417,7428,7467,7507,7518,7526,7542,7582,7612,7617,7637,7665,7671,7686,7708,7717,7757,7767,7777,7823,7847,7856,7916,8034,8056,8096,8113,8151,8206,8222,8279,8370,8448,8453,8455,8489,8562,8569,8580,8595,8632,8664,8731,8759,8798,8800,8815,8841,8875,8942,8946,8975,9013,9015,9033,9104,9167,9179,9192,9205,9266,9268,9311,9348,9442,9499,9539,9600,9620,9637,9652,9688,9723,9743,9775,9844,9897,9909,9983,9986,10006,10041,10089,10100,10149,10151,10196
28,66,94,110,189,243,253,291,294,295,376,507,543,560,595,614,616,644,674,677,694,759,775,852,890,957,1014,1019,1020,1032,1033,1042,1047,1048,1054,1057,1058,1066,1067,1068,1104,1180,1242,1245,1279,1288,1353,1365,1384,1402,1415,1559,1608,1691,1814,1845,1857,1919,1985,2061,2188,2233,2262,2325,2337,2354,2369,2476,2479,2512,2542,2601,2636,2654,2661,2676,2686,2695,2699,2709,2734,2773,2815,2823,2844,2892,3014,3082,3093,3105,3112,3114,3139,3140,3203,3256,3265,3299,3304,3313,3356,3357,3358,3374,3467,3515,3536,3557,3567,3781,3854,3863,3940,3974,3989,4010,4076,4084,4091,4099,4126,4180,4195,4382,4399,4406,4531,4538,4573,4595,4605,4624,4693,4710,4712,4772,4773,4785,4878,4919,4951,4958,4965,4996,5005,5010,5042,5084,5143,5192,5193,5194,5196,5235,5246,5247,5248,5282,5315,5407,5446,5472,5476,5501,5502,5503,5505,5520,5566,5584,5591,5637,5684,5686,5720,5729,5754,5759,5765,5774,5808,5882,5900,5911,5919,5939,5957,5959,5979,6027,6029,6047,6082,6086,6093,6114,6163,6169,6180,6213,6227,6244,6261,6264,6286,6352,6376,6389,6400,6406,6441,6445,6471,6492,6552,6579,6592,6595,6620,6652,6653,6661,6674,6707,6715,6718,6725,6731,6744,6745,6759,6775,6813,6816,6869,6870,6898,6900,6901,6903,6935,6941,7041,7052,7064,7074,7103,7117,7142,7149,7151,7177,7201,7215,7313,7343,7370,7376,7381,7416,7468,7498,7506,7549,7562,7591,7594,7635,7642,7645,7647,7667,7709,7713,7729,7756,7763,7780,7797,7820,7889,7902,7910,7939,7943,8060,8061,8080,8097,8117,8123,8124,8128,8139,8166,8175,8223,8237,8261,8269,8305,8314,8355,8359,8371,8374,8385,8460,8484,8491,8558,8570,8574,8657,8662,8670,8690,8698,8730,8751,8755,8840,8882,8947,9021,9095,9096,9160,9226,9231,9245,9304,9316,9334,9336,9354,9371,9373,9384,9388,9404,9407,9439,9579,9582,9673,9825,9834,9910,9914,9923,9945,10009,10045,10069,10108,10117,10138,10147,10167,10174
